Method,n_star_ratio,MAE
Neural-ECF,0.1,103.0
MIDAST[KS],0.1,100.0
MIDAST[MMD],0.1,100.0
e-Divisive,0.1,10.0
KCPA,0.1,10.0
Neural-ECF,0.1,121.0
MIDAST[KS],0.1,160.0
MIDAST[MMD],0.1,100.0
e-Divisive,0.1,5.0
KCPA,0.1,8.0
Neural-ECF,0.1,
MIDAST[KS],0.1,160.0
MIDAST[MMD],0.1,160.0
e-Divisive,0.1,92.0
KCPA,0.1,0.0
Neural-ECF,0.1,121.0
MIDAST[KS],0.1,120.0
MIDAST[MMD],0.1,100.0
e-Divisive,0.1,5.0
KCPA,0.1,5.0
Neural-ECF,0.1,
MIDAST[KS],0.1,110.0
MIDAST[MMD],0.1,100.0
e-Divisive,0.1,10.0
KCPA,0.1,2.0
Neural-ECF,0.1,107.0
MIDAST[KS],0.1,110.0
MIDAST[MMD],0.1,100.0
e-Divisive,0.1,8.0
KCPA,0.1,0.0
Neural-ECF,0.1,
MIDAST[KS],0.1,
MIDAST[MMD],0.1,100.0
e-Divisive,0.1,0.0
KCPA,0.1,0.0
Neural-ECF,0.1,408.0
MIDAST[KS],0.1,100.0
MIDAST[MMD],0.1,100.0
e-Divisive,0.1,2.0
KCPA,0.1,2.0
Neural-ECF,0.1,
MIDAST[KS],0.1,410.0
MIDAST[MMD],0.1,
e-Divisive,0.1,2.0
KCPA,0.1,0.0
Neural-ECF,0.1,
MIDAST[KS],0.1,100.0
MIDAST[MMD],0.1,530.0
e-Divisive,0.1,1.0
KCPA,0.1,1.0
Neural-ECF,0.1,
MIDAST[KS],0.1,230.0
MIDAST[MMD],0.1,210.0
e-Divisive,0.1,4.0
KCPA,0.1,2.0
Neural-ECF,0.1,627.0
MIDAST[KS],0.1,670.0
MIDAST[MMD],0.1,100.0
e-Divisive,0.1,3.0
KCPA,0.1,1.0
Neural-ECF,0.1,
MIDAST[KS],0.1,100.0
MIDAST[MMD],0.1,110.0
e-Divisive,0.1,4.0
KCPA,0.1,1.0
Neural-ECF,0.1,
MIDAST[KS],0.1,
MIDAST[MMD],0.1,
e-Divisive,0.1,26.0
KCPA,0.1,7.0
Neural-ECF,0.1,
MIDAST[KS],0.1,100.0
MIDAST[MMD],0.1,100.0
e-Divisive,0.1,209.0
KCPA,0.1,4.0
Neural-ECF,0.1,
MIDAST[KS],0.1,140.0
MIDAST[MMD],0.1,490.0
e-Divisive,0.1,40.0
KCPA,0.1,12.0
Neural-ECF,0.1,
MIDAST[KS],0.1,
MIDAST[MMD],0.1,
e-Divisive,0.1,2.0
KCPA,0.1,2.0
Neural-ECF,0.1,
MIDAST[KS],0.1,690.0
MIDAST[MMD],0.1,100.0
e-Divisive,0.1,38.0
KCPA,0.1,0.0
Neural-ECF,0.1,
MIDAST[KS],0.1,100.0
MIDAST[MMD],0.1,100.0
e-Divisive,0.1,1.0
KCPA,0.1,0.0
Neural-ECF,0.1,294.0
MIDAST[KS],0.1,
MIDAST[MMD],0.1,
e-Divisive,0.1,1.0
KCPA,0.1,1.0
Neural-ECF,0.1,
MIDAST[KS],0.1,100.0
MIDAST[MMD],0.1,100.0
e-Divisive,0.1,8.0
KCPA,0.1,0.0
Neural-ECF,0.1,
MIDAST[KS],0.1,470.0
MIDAST[MMD],0.1,100.0
e-Divisive,0.1,10.0
KCPA,0.1,10.0
Neural-ECF,0.1,109.0
MIDAST[KS],0.1,100.0
MIDAST[MMD],0.1,100.0
e-Divisive,0.1,10.0
KCPA,0.1,0.0
Neural-ECF,0.1,
MIDAST[KS],0.1,100.0
MIDAST[MMD],0.1,100.0
e-Divisive,0.1,13.0
KCPA,0.1,0.0
Neural-ECF,0.1,
MIDAST[KS],0.1,100.0
MIDAST[MMD],0.1,100.0
e-Divisive,0.1,1.0
KCPA,0.1,0.0
Neural-ECF,0.1,
MIDAST[KS],0.1,540.0
MIDAST[MMD],0.1,100.0
e-Divisive,0.1,14.0
KCPA,0.1,1.0
Neural-ECF,0.1,102.0
MIDAST[KS],0.1,470.0
MIDAST[MMD],0.1,100.0
e-Divisive,0.1,0.0
KCPA,0.1,0.0
Neural-ECF,0.1,
MIDAST[KS],0.1,100.0
MIDAST[MMD],0.1,100.0
e-Divisive,0.1,0.0
KCPA,0.1,1.0
Neural-ECF,0.1,
MIDAST[KS],0.1,570.0
MIDAST[MMD],0.1,560.0
e-Divisive,0.1,1.0
KCPA,0.1,1.0
Neural-ECF,0.1,396.0
MIDAST[KS],0.1,380.0
MIDAST[MMD],0.1,100.0
e-Divisive,0.1,0.0
KCPA,0.1,0.0
Neural-ECF,0.1,105.0
MIDAST[KS],0.1,110.0
MIDAST[MMD],0.1,100.0
e-Divisive,0.1,0.0
KCPA,0.1,0.0
Neural-ECF,0.1,
MIDAST[KS],0.1,100.0
MIDAST[MMD],0.1,100.0
e-Divisive,0.1,8.0
KCPA,0.1,7.0
Neural-ECF,0.1,461.0
MIDAST[KS],0.1,100.0
MIDAST[MMD],0.1,110.0
e-Divisive,0.1,1.0
KCPA,0.1,1.0
Neural-ECF,0.1,516.0
MIDAST[KS],0.1,110.0
MIDAST[MMD],0.1,510.0
e-Divisive,0.1,22.0
KCPA,0.1,1.0
Neural-ECF,0.1,
MIDAST[KS],0.1,530.0
MIDAST[MMD],0.1,
e-Divisive,0.1,0.0
KCPA,0.1,0.0
Neural-ECF,0.1,
MIDAST[KS],0.1,
MIDAST[MMD],0.1,
e-Divisive,0.1,9.0
KCPA,0.1,9.0
Neural-ECF,0.1,
MIDAST[KS],0.1,140.0
MIDAST[MMD],0.1,100.0
e-Divisive,0.1,6.0
KCPA,0.1,5.0
Neural-ECF,0.1,
MIDAST[KS],0.1,100.0
MIDAST[MMD],0.1,100.0
e-Divisive,0.1,42.0
KCPA,0.1,2.0
Neural-ECF,0.1,
MIDAST[KS],0.1,520.0
MIDAST[MMD],0.1,110.0
e-Divisive,0.1,40.0
KCPA,0.1,1.0
Neural-ECF,0.1,103.0
MIDAST[KS],0.1,600.0
MIDAST[MMD],0.1,100.0
e-Divisive,0.1,1.0
KCPA,0.1,1.0
Neural-ECF,0.1,
MIDAST[KS],0.1,110.0
MIDAST[MMD],0.1,440.0
e-Divisive,0.1,1.0
KCPA,0.1,5.0
Neural-ECF,0.1,
MIDAST[KS],0.1,100.0
MIDAST[MMD],0.1,100.0
e-Divisive,0.1,2.0
KCPA,0.1,2.0
Neural-ECF,0.1,102.0
MIDAST[KS],0.1,100.0
MIDAST[MMD],0.1,100.0
e-Divisive,0.1,70.0
KCPA,0.1,5.0
Neural-ECF,0.1,
MIDAST[KS],0.1,210.0
MIDAST[MMD],0.1,180.0
e-Divisive,0.1,207.0
KCPA,0.1,1.0
Neural-ECF,0.1,145.0
MIDAST[KS],0.1,120.0
MIDAST[MMD],0.1,100.0
e-Divisive,0.1,1.0
KCPA,0.1,0.0
Neural-ECF,0.1,199.0
MIDAST[KS],0.1,100.0
MIDAST[MMD],0.1,100.0
e-Divisive,0.1,6.0
KCPA,0.1,0.0
Neural-ECF,0.1,
MIDAST[KS],0.1,250.0
MIDAST[MMD],0.1,
e-Divisive,0.1,1.0
KCPA,0.1,2.0
Neural-ECF,0.1,
MIDAST[KS],0.1,110.0
MIDAST[MMD],0.1,110.0
e-Divisive,0.1,5.0
KCPA,0.1,1.0
Neural-ECF,0.1,280.0
MIDAST[KS],0.1,110.0
MIDAST[MMD],0.1,100.0
e-Divisive,0.1,846.0
KCPA,0.1,11.0
Neural-ECF,0.1,119.0
MIDAST[KS],0.1,100.0
MIDAST[MMD],0.1,100.0
e-Divisive,0.1,2.0
KCPA,0.1,1.0
Neural-ECF,0.1,
MIDAST[KS],0.1,330.0
MIDAST[MMD],0.1,100.0
e-Divisive,0.1,1.0
KCPA,0.1,1.0
Neural-ECF,0.1,
MIDAST[KS],0.1,
MIDAST[MMD],0.1,
e-Divisive,0.1,1.0
KCPA,0.1,25.0
Neural-ECF,0.1,107.0
MIDAST[KS],0.1,100.0
MIDAST[MMD],0.1,100.0
e-Divisive,0.1,1.0
KCPA,0.1,1.0
Neural-ECF,0.1,
MIDAST[KS],0.1,100.0
MIDAST[MMD],0.1,
e-Divisive,0.1,4.0
KCPA,0.1,4.0
Neural-ECF,0.1,
MIDAST[KS],0.1,
MIDAST[MMD],0.1,100.0
e-Divisive,0.1,2.0
KCPA,0.1,2.0
Neural-ECF,0.1,
MIDAST[KS],0.1,110.0
MIDAST[MMD],0.1,100.0
e-Divisive,0.1,112.0
KCPA,0.1,59.0
Neural-ECF,0.1,
MIDAST[KS],0.1,690.0
MIDAST[MMD],0.1,100.0
e-Divisive,0.1,732.0
KCPA,0.1,0.0
Neural-ECF,0.1,
MIDAST[KS],0.1,
MIDAST[MMD],0.1,100.0
e-Divisive,0.1,7.0
KCPA,0.1,0.0
Neural-ECF,0.1,
MIDAST[KS],0.1,270.0
MIDAST[MMD],0.1,270.0
e-Divisive,0.1,4.0
KCPA,0.1,14.0
Neural-ECF,0.1,
MIDAST[KS],0.1,110.0
MIDAST[MMD],0.1,100.0
e-Divisive,0.1,4.0
KCPA,0.1,4.0
Neural-ECF,0.1,
MIDAST[KS],0.1,100.0
MIDAST[MMD],0.1,100.0
e-Divisive,0.1,24.0
KCPA,0.1,2.0
Neural-ECF,0.1,114.0
MIDAST[KS],0.1,190.0
MIDAST[MMD],0.1,100.0
e-Divisive,0.1,0.0
KCPA,0.1,1.0
Neural-ECF,0.1,
MIDAST[KS],0.1,100.0
MIDAST[MMD],0.1,100.0
e-Divisive,0.1,2.0
KCPA,0.1,0.0
Neural-ECF,0.1,
MIDAST[KS],0.1,
MIDAST[MMD],0.1,100.0
e-Divisive,0.1,2.0
KCPA,0.1,2.0
Neural-ECF,0.1,106.0
MIDAST[KS],0.1,110.0
MIDAST[MMD],0.1,100.0
e-Divisive,0.1,1.0
KCPA,0.1,1.0
Neural-ECF,0.1,
MIDAST[KS],0.1,280.0
MIDAST[MMD],0.1,100.0
e-Divisive,0.1,318.0
KCPA,0.1,0.0
Neural-ECF,0.1,
MIDAST[KS],0.1,170.0
MIDAST[MMD],0.1,100.0
e-Divisive,0.1,13.0
KCPA,0.1,0.0
Neural-ECF,0.1,463.0
MIDAST[KS],0.1,100.0
MIDAST[MMD],0.1,100.0
e-Divisive,0.1,1.0
KCPA,0.1,1.0
Neural-ECF,0.1,
MIDAST[KS],0.1,100.0
MIDAST[MMD],0.1,100.0
e-Divisive,0.1,0.0
KCPA,0.1,0.0
Neural-ECF,0.1,
MIDAST[KS],0.1,200.0
MIDAST[MMD],0.1,100.0
e-Divisive,0.1,16.0
KCPA,0.1,0.0
Neural-ECF,0.1,
MIDAST[KS],0.1,290.0
MIDAST[MMD],0.1,210.0
e-Divisive,0.1,3.0
KCPA,0.1,3.0
Neural-ECF,0.1,109.0
MIDAST[KS],0.1,
MIDAST[MMD],0.1,100.0
e-Divisive,0.1,4.0
KCPA,0.1,4.0
Neural-ECF,0.1,174.0
MIDAST[KS],0.1,100.0
MIDAST[MMD],0.1,100.0
e-Divisive,0.1,0.0
KCPA,0.1,1.0
Neural-ECF,0.1,548.0
MIDAST[KS],0.1,100.0
MIDAST[MMD],0.1,100.0
e-Divisive,0.1,0.0
KCPA,0.1,3.0
Neural-ECF,0.1,
MIDAST[KS],0.1,
MIDAST[MMD],0.1,100.0
e-Divisive,0.1,0.0
KCPA,0.1,4.0
Neural-ECF,0.1,142.0
MIDAST[KS],0.1,140.0
MIDAST[MMD],0.1,100.0
e-Divisive,0.1,10.0
KCPA,0.1,1.0
Neural-ECF,0.1,
MIDAST[KS],0.1,330.0
MIDAST[MMD],0.1,100.0
e-Divisive,0.1,330.0
KCPA,0.1,0.0
Neural-ECF,0.1,478.0
MIDAST[KS],0.1,120.0
MIDAST[MMD],0.1,100.0
e-Divisive,0.1,18.0
KCPA,0.1,5.0
Neural-ECF,0.1,102.0
MIDAST[KS],0.1,500.0
MIDAST[MMD],0.1,100.0
e-Divisive,0.1,5.0
KCPA,0.1,6.0
Neural-ECF,0.1,
MIDAST[KS],0.1,470.0
MIDAST[MMD],0.1,100.0
e-Divisive,0.1,1.0
KCPA,0.1,1.0
Neural-ECF,0.1,
MIDAST[KS],0.1,100.0
MIDAST[MMD],0.1,100.0
e-Divisive,0.1,0.0
KCPA,0.1,0.0
Neural-ECF,0.1,117.0
MIDAST[KS],0.1,650.0
MIDAST[MMD],0.1,100.0
e-Divisive,0.1,10.0
KCPA,0.1,1.0
Neural-ECF,0.1,529.0
MIDAST[KS],0.1,520.0
MIDAST[MMD],0.1,450.0
e-Divisive,0.1,2.0
KCPA,0.1,2.0
Neural-ECF,0.1,118.0
MIDAST[KS],0.1,100.0
MIDAST[MMD],0.1,100.0
e-Divisive,0.1,3.0
KCPA,0.1,3.0
Neural-ECF,0.1,
MIDAST[KS],0.1,110.0
MIDAST[MMD],0.1,120.0
e-Divisive,0.1,3.0
KCPA,0.1,13.0
Neural-ECF,0.1,
MIDAST[KS],0.1,
MIDAST[MMD],0.1,110.0
e-Divisive,0.1,1.0
KCPA,0.1,0.0
Neural-ECF,0.1,
MIDAST[KS],0.1,130.0
MIDAST[MMD],0.1,100.0
e-Divisive,0.1,18.0
KCPA,0.1,18.0
Neural-ECF,0.1,
MIDAST[KS],0.1,130.0
MIDAST[MMD],0.1,110.0
e-Divisive,0.1,115.0
KCPA,0.1,2.0
Neural-ECF,0.1,
MIDAST[KS],0.1,
MIDAST[MMD],0.1,380.0
e-Divisive,0.1,814.0
KCPA,0.1,0.0
Neural-ECF,0.1,
MIDAST[KS],0.1,190.0
MIDAST[MMD],0.1,190.0
e-Divisive,0.1,3.0
KCPA,0.1,4.0
Neural-ECF,0.1,122.0
MIDAST[KS],0.1,120.0
MIDAST[MMD],0.1,100.0
e-Divisive,0.1,1.0
KCPA,0.1,3.0
Neural-ECF,0.1,
MIDAST[KS],0.1,110.0
MIDAST[MMD],0.1,100.0
e-Divisive,0.1,0.0
KCPA,0.1,0.0
Neural-ECF,0.1,102.0
MIDAST[KS],0.1,
MIDAST[MMD],0.1,110.0
e-Divisive,0.1,0.0
KCPA,0.1,0.0
Neural-ECF,0.1,
MIDAST[KS],0.1,250.0
MIDAST[MMD],0.1,
e-Divisive,0.1,5.0
KCPA,0.1,0.0
Neural-ECF,0.1,
MIDAST[KS],0.1,100.0
MIDAST[MMD],0.1,100.0
e-Divisive,0.1,0.0
KCPA,0.1,0.0
Neural-ECF,0.1,
MIDAST[KS],0.1,630.0
MIDAST[MMD],0.1,100.0
e-Divisive,0.1,8.0
KCPA,0.1,8.0
Neural-ECF,0.1,
MIDAST[KS],0.1,100.0
MIDAST[MMD],0.1,100.0
e-Divisive,0.1,51.0
KCPA,0.1,7.0
Neural-ECF,0.1,
MIDAST[KS],0.1,680.0
MIDAST[MMD],0.1,100.0
e-Divisive,0.1,40.0
KCPA,0.1,5.0
Neural-ECF,0.1,108.0
MIDAST[KS],0.1,100.0
MIDAST[MMD],0.1,100.0
e-Divisive,0.1,0.0
KCPA,0.1,0.0
Neural-ECF,0.1,108.0
MIDAST[KS],0.1,350.0
MIDAST[MMD],0.1,100.0
e-Divisive,0.1,2.0
KCPA,0.1,2.0
Neural-ECF,0.3,21.0
MIDAST[KS],0.3,10.0
MIDAST[MMD],0.3,100.0
e-Divisive,0.3,1.0
KCPA,0.3,1.0
Neural-ECF,0.3,326.0
MIDAST[KS],0.3,10.0
MIDAST[MMD],0.3,100.0
e-Divisive,0.3,2.0
KCPA,0.3,1.0
Neural-ECF,0.3,20.0
MIDAST[KS],0.3,0.0
MIDAST[MMD],0.3,100.0
e-Divisive,0.3,1.0
KCPA,0.3,7.0
Neural-ECF,0.3,
MIDAST[KS],0.3,10.0
MIDAST[MMD],0.3,80.0
e-Divisive,0.3,0.0
KCPA,0.3,0.0
Neural-ECF,0.3,63.0
MIDAST[KS],0.3,20.0
MIDAST[MMD],0.3,100.0
e-Divisive,0.3,4.0
KCPA,0.3,5.0
Neural-ECF,0.3,161.0
MIDAST[KS],0.3,30.0
MIDAST[MMD],0.3,50.0
e-Divisive,0.3,0.0
KCPA,0.3,23.0
Neural-ECF,0.3,5.0
MIDAST[KS],0.3,10.0
MIDAST[MMD],0.3,10.0
e-Divisive,0.3,3.0
KCPA,0.3,3.0
Neural-ECF,0.3,34.0
MIDAST[KS],0.3,40.0
MIDAST[MMD],0.3,20.0
e-Divisive,0.3,5.0
KCPA,0.3,5.0
Neural-ECF,0.3,135.0
MIDAST[KS],0.3,0.0
MIDAST[MMD],0.3,100.0
e-Divisive,0.3,18.0
KCPA,0.3,17.0
Neural-ECF,0.3,
MIDAST[KS],0.3,20.0
MIDAST[MMD],0.3,100.0
e-Divisive,0.3,5.0
KCPA,0.3,5.0
Neural-ECF,0.3,447.0
MIDAST[KS],0.3,10.0
MIDAST[MMD],0.3,80.0
e-Divisive,0.3,1.0
KCPA,0.3,1.0
Neural-ECF,0.3,
MIDAST[KS],0.3,10.0
MIDAST[MMD],0.3,20.0
e-Divisive,0.3,1.0
KCPA,0.3,1.0
Neural-ECF,0.3,8.0
MIDAST[KS],0.3,0.0
MIDAST[MMD],0.3,0.0
e-Divisive,0.3,1.0
KCPA,0.3,2.0
Neural-ECF,0.3,50.0
MIDAST[KS],0.3,60.0
MIDAST[MMD],0.3,100.0
e-Divisive,0.3,2.0
KCPA,0.3,3.0
Neural-ECF,0.3,14.0
MIDAST[KS],0.3,30.0
MIDAST[MMD],0.3,20.0
e-Divisive,0.3,4.0
KCPA,0.3,3.0
Neural-ECF,0.3,10.0
MIDAST[KS],0.3,0.0
MIDAST[MMD],0.3,0.0
e-Divisive,0.3,0.0
KCPA,0.3,0.0
Neural-ECF,0.3,17.0
MIDAST[KS],0.3,20.0
MIDAST[MMD],0.3,10.0
e-Divisive,0.3,6.0
KCPA,0.3,0.0
Neural-ECF,0.3,1.0
MIDAST[KS],0.3,20.0
MIDAST[MMD],0.3,10.0
e-Divisive,0.3,2.0
KCPA,0.3,2.0
Neural-ECF,0.3,28.0
MIDAST[KS],0.3,30.0
MIDAST[MMD],0.3,0.0
e-Divisive,0.3,4.0
KCPA,0.3,4.0
Neural-ECF,0.3,127.0
MIDAST[KS],0.3,30.0
MIDAST[MMD],0.3,100.0
e-Divisive,0.3,2.0
KCPA,0.3,2.0
Neural-ECF,0.3,60.0
MIDAST[KS],0.3,10.0
MIDAST[MMD],0.3,70.0
e-Divisive,0.3,8.0
KCPA,0.3,10.0
Neural-ECF,0.3,1.0
MIDAST[KS],0.3,0.0
MIDAST[MMD],0.3,80.0
e-Divisive,0.3,2.0
KCPA,0.3,2.0
Neural-ECF,0.3,32.0
MIDAST[KS],0.3,0.0
MIDAST[MMD],0.3,100.0
e-Divisive,0.3,1.0
KCPA,0.3,1.0
Neural-ECF,0.3,60.0
MIDAST[KS],0.3,0.0
MIDAST[MMD],0.3,100.0
e-Divisive,0.3,16.0
KCPA,0.3,4.0
Neural-ECF,0.3,106.0
MIDAST[KS],0.3,130.0
MIDAST[MMD],0.3,50.0
e-Divisive,0.3,4.0
KCPA,0.3,2.0
Neural-ECF,0.3,4.0
MIDAST[KS],0.3,10.0
MIDAST[MMD],0.3,10.0
e-Divisive,0.3,16.0
KCPA,0.3,16.0
Neural-ECF,0.3,1.0
MIDAST[KS],0.3,10.0
MIDAST[MMD],0.3,100.0
e-Divisive,0.3,3.0
KCPA,0.3,1.0
Neural-ECF,0.3,
MIDAST[KS],0.3,10.0
MIDAST[MMD],0.3,10.0
e-Divisive,0.3,3.0
KCPA,0.3,3.0
Neural-ECF,0.3,
MIDAST[KS],0.3,10.0
MIDAST[MMD],0.3,0.0
e-Divisive,0.3,2.0
KCPA,0.3,2.0
Neural-ECF,0.3,30.0
MIDAST[KS],0.3,0.0
MIDAST[MMD],0.3,100.0
e-Divisive,0.3,2.0
KCPA,0.3,0.0
Neural-ECF,0.3,47.0
MIDAST[KS],0.3,100.0
MIDAST[MMD],0.3,100.0
e-Divisive,0.3,1.0
KCPA,0.3,0.0
Neural-ECF,0.3,6.0
MIDAST[KS],0.3,0.0
MIDAST[MMD],0.3,90.0
e-Divisive,0.3,1.0
KCPA,0.3,0.0
Neural-ECF,0.3,8.0
MIDAST[KS],0.3,0.0
MIDAST[MMD],0.3,50.0
e-Divisive,0.3,0.0
KCPA,0.3,0.0
Neural-ECF,0.3,
MIDAST[KS],0.3,60.0
MIDAST[MMD],0.3,90.0
e-Divisive,0.3,1.0
KCPA,0.3,1.0
Neural-ECF,0.3,44.0
MIDAST[KS],0.3,20.0
MIDAST[MMD],0.3,100.0
e-Divisive,0.3,15.0
KCPA,0.3,2.0
Neural-ECF,0.3,3.0
MIDAST[KS],0.3,20.0
MIDAST[MMD],0.3,100.0
e-Divisive,0.3,1.0
KCPA,0.3,0.0
Neural-ECF,0.3,4.0
MIDAST[KS],0.3,10.0
MIDAST[MMD],0.3,90.0
e-Divisive,0.3,11.0
KCPA,0.3,6.0
Neural-ECF,0.3,7.0
MIDAST[KS],0.3,20.0
MIDAST[MMD],0.3,10.0
e-Divisive,0.3,14.0
KCPA,0.3,1.0
Neural-ECF,0.3,19.0
MIDAST[KS],0.3,10.0
MIDAST[MMD],0.3,10.0
e-Divisive,0.3,1.0
KCPA,0.3,1.0
Neural-ECF,0.3,372.0
MIDAST[KS],0.3,20.0
MIDAST[MMD],0.3,10.0
e-Divisive,0.3,4.0
KCPA,0.3,4.0
Neural-ECF,0.3,10.0
MIDAST[KS],0.3,0.0
MIDAST[MMD],0.3,100.0
e-Divisive,0.3,5.0
KCPA,0.3,0.0
Neural-ECF,0.3,69.0
MIDAST[KS],0.3,0.0
MIDAST[MMD],0.3,90.0
e-Divisive,0.3,7.0
KCPA,0.3,3.0
Neural-ECF,0.3,121.0
MIDAST[KS],0.3,70.0
MIDAST[MMD],0.3,20.0
e-Divisive,0.3,93.0
KCPA,0.3,6.0
Neural-ECF,0.3,
MIDAST[KS],0.3,0.0
MIDAST[MMD],0.3,20.0
e-Divisive,0.3,22.0
KCPA,0.3,22.0
Neural-ECF,0.3,61.0
MIDAST[KS],0.3,10.0
MIDAST[MMD],0.3,100.0
e-Divisive,0.3,3.0
KCPA,0.3,0.0
Neural-ECF,0.3,102.0
MIDAST[KS],0.3,20.0
MIDAST[MMD],0.3,100.0
e-Divisive,0.3,1.0
KCPA,0.3,1.0
Neural-ECF,0.3,16.0
MIDAST[KS],0.3,20.0
MIDAST[MMD],0.3,20.0
e-Divisive,0.3,3.0
KCPA,0.3,3.0
Neural-ECF,0.3,53.0
MIDAST[KS],0.3,30.0
MIDAST[MMD],0.3,20.0
e-Divisive,0.3,14.0
KCPA,0.3,7.0
Neural-ECF,0.3,2.0
MIDAST[KS],0.3,0.0
MIDAST[MMD],0.3,20.0
e-Divisive,0.3,1.0
KCPA,0.3,8.0
Neural-ECF,0.3,220.0
MIDAST[KS],0.3,0.0
MIDAST[MMD],0.3,90.0
e-Divisive,0.3,0.0
KCPA,0.3,0.0
Neural-ECF,0.3,16.0
MIDAST[KS],0.3,0.0
MIDAST[MMD],0.3,100.0
e-Divisive,0.3,9.0
KCPA,0.3,6.0
Neural-ECF,0.3,10.0
MIDAST[KS],0.3,0.0
MIDAST[MMD],0.3,100.0
e-Divisive,0.3,0.0
KCPA,0.3,0.0
Neural-ECF,0.3,8.0
MIDAST[KS],0.3,20.0
MIDAST[MMD],0.3,60.0
e-Divisive,0.3,1.0
KCPA,0.3,1.0
Neural-ECF,0.3,41.0
MIDAST[KS],0.3,10.0
MIDAST[MMD],0.3,100.0
e-Divisive,0.3,2.0
KCPA,0.3,1.0
Neural-ECF,0.3,64.0
MIDAST[KS],0.3,0.0
MIDAST[MMD],0.3,40.0
e-Divisive,0.3,0.0
KCPA,0.3,1.0
Neural-ECF,0.3,95.0
MIDAST[KS],0.3,0.0
MIDAST[MMD],0.3,20.0
e-Divisive,0.3,3.0
KCPA,0.3,3.0
Neural-ECF,0.3,53.0
MIDAST[KS],0.3,60.0
MIDAST[MMD],0.3,100.0
e-Divisive,0.3,4.0
KCPA,0.3,3.0
Neural-ECF,0.3,
MIDAST[KS],0.3,50.0
MIDAST[MMD],0.3,20.0
e-Divisive,0.3,3.0
KCPA,0.3,8.0
Neural-ECF,0.3,13.0
MIDAST[KS],0.3,0.0
MIDAST[MMD],0.3,100.0
e-Divisive,0.3,7.0
KCPA,0.3,0.0
Neural-ECF,0.3,3.0
MIDAST[KS],0.3,0.0
MIDAST[MMD],0.3,100.0
e-Divisive,0.3,1.0
KCPA,0.3,1.0
Neural-ECF,0.3,5.0
MIDAST[KS],0.3,0.0
MIDAST[MMD],0.3,100.0
e-Divisive,0.3,6.0
KCPA,0.3,6.0
Neural-ECF,0.3,9.0
MIDAST[KS],0.3,0.0
MIDAST[MMD],0.3,20.0
e-Divisive,0.3,1.0
KCPA,0.3,0.0
Neural-ECF,0.3,151.0
MIDAST[KS],0.3,0.0
MIDAST[MMD],0.3,100.0
e-Divisive,0.3,18.0
KCPA,0.3,2.0
Neural-ECF,0.3,11.0
MIDAST[KS],0.3,10.0
MIDAST[MMD],0.3,100.0
e-Divisive,0.3,5.0
KCPA,0.3,3.0
Neural-ECF,0.3,12.0
MIDAST[KS],0.3,0.0
MIDAST[MMD],0.3,100.0
e-Divisive,0.3,1.0
KCPA,0.3,1.0
Neural-ECF,0.3,9.0
MIDAST[KS],0.3,10.0
MIDAST[MMD],0.3,100.0
e-Divisive,0.3,15.0
KCPA,0.3,6.0
Neural-ECF,0.3,27.0
MIDAST[KS],0.3,10.0
MIDAST[MMD],0.3,100.0
e-Divisive,0.3,0.0
KCPA,0.3,7.0
Neural-ECF,0.3,
MIDAST[KS],0.3,0.0
MIDAST[MMD],0.3,80.0
e-Divisive,0.3,2.0
KCPA,0.3,1.0
Neural-ECF,0.3,356.0
MIDAST[KS],0.3,10.0
MIDAST[MMD],0.3,90.0
e-Divisive,0.3,4.0
KCPA,0.3,1.0
Neural-ECF,0.3,
MIDAST[KS],0.3,120.0
MIDAST[MMD],0.3,80.0
e-Divisive,0.3,0.0
KCPA,0.3,2.0
Neural-ECF,0.3,9.0
MIDAST[KS],0.3,0.0
MIDAST[MMD],0.3,100.0
e-Divisive,0.3,0.0
KCPA,0.3,0.0
Neural-ECF,0.3,45.0
MIDAST[KS],0.3,20.0
MIDAST[MMD],0.3,90.0
e-Divisive,0.3,1.0
KCPA,0.3,1.0
Neural-ECF,0.3,336.0
MIDAST[KS],0.3,30.0
MIDAST[MMD],0.3,90.0
e-Divisive,0.3,25.0
KCPA,0.3,12.0
Neural-ECF,0.3,7.0
MIDAST[KS],0.3,40.0
MIDAST[MMD],0.3,100.0
e-Divisive,0.3,1.0
KCPA,0.3,1.0
Neural-ECF,0.3,27.0
MIDAST[KS],0.3,10.0
MIDAST[MMD],0.3,10.0
e-Divisive,0.3,2.0
KCPA,0.3,2.0
Neural-ECF,0.3,
MIDAST[KS],0.3,0.0
MIDAST[MMD],0.3,100.0
e-Divisive,0.3,2.0
KCPA,0.3,2.0
Neural-ECF,0.3,14.0
MIDAST[KS],0.3,0.0
MIDAST[MMD],0.3,100.0
e-Divisive,0.3,1.0
KCPA,0.3,1.0
Neural-ECF,0.3,145.0
MIDAST[KS],0.3,80.0
MIDAST[MMD],0.3,100.0
e-Divisive,0.3,8.0
KCPA,0.3,1.0
Neural-ECF,0.3,2.0
MIDAST[KS],0.3,30.0
MIDAST[MMD],0.3,100.0
e-Divisive,0.3,0.0
KCPA,0.3,0.0
Neural-ECF,0.3,23.0
MIDAST[KS],0.3,10.0
MIDAST[MMD],0.3,100.0
e-Divisive,0.3,0.0
KCPA,0.3,3.0
Neural-ECF,0.3,10.0
MIDAST[KS],0.3,0.0
MIDAST[MMD],0.3,100.0
e-Divisive,0.3,0.0
KCPA,0.3,4.0
Neural-ECF,0.3,277.0
MIDAST[KS],0.3,30.0
MIDAST[MMD],0.3,100.0
e-Divisive,0.3,2.0
KCPA,0.3,3.0
Neural-ECF,0.3,241.0
MIDAST[KS],0.3,0.0
MIDAST[MMD],0.3,100.0
e-Divisive,0.3,2.0
KCPA,0.3,0.0
Neural-ECF,0.3,55.0
MIDAST[KS],0.3,0.0
MIDAST[MMD],0.3,80.0
e-Divisive,0.3,2.0
KCPA,0.3,59.0
Neural-ECF,0.3,
MIDAST[KS],0.3,10.0
MIDAST[MMD],0.3,90.0
e-Divisive,0.3,69.0
KCPA,0.3,2.0
Neural-ECF,0.3,138.0
MIDAST[KS],0.3,50.0
MIDAST[MMD],0.3,90.0
e-Divisive,0.3,14.0
KCPA,0.3,14.0
Neural-ECF,0.3,5.0
MIDAST[KS],0.3,0.0
MIDAST[MMD],0.3,70.0
e-Divisive,0.3,1.0
KCPA,0.3,0.0
Neural-ECF,0.3,23.0
MIDAST[KS],0.3,10.0
MIDAST[MMD],0.3,90.0
e-Divisive,0.3,5.0
KCPA,0.3,2.0
Neural-ECF,0.3,5.0
MIDAST[KS],0.3,20.0
MIDAST[MMD],0.3,90.0
e-Divisive,0.3,4.0
KCPA,0.3,4.0
Neural-ECF,0.3,313.0
MIDAST[KS],0.3,10.0
MIDAST[MMD],0.3,90.0
e-Divisive,0.3,4.0
KCPA,0.3,0.0
Neural-ECF,0.3,69.0
MIDAST[KS],0.3,0.0
MIDAST[MMD],0.3,0.0
e-Divisive,0.3,2.0
KCPA,0.3,2.0
Neural-ECF,0.3,39.0
MIDAST[KS],0.3,10.0
MIDAST[MMD],0.3,40.0
e-Divisive,0.3,1.0
KCPA,0.3,0.0
Neural-ECF,0.3,7.0
MIDAST[KS],0.3,10.0
MIDAST[MMD],0.3,100.0
e-Divisive,0.3,0.0
KCPA,0.3,0.0
Neural-ECF,0.3,92.0
MIDAST[KS],0.3,0.0
MIDAST[MMD],0.3,10.0
e-Divisive,0.3,0.0
KCPA,0.3,4.0
Neural-ECF,0.3,
MIDAST[KS],0.3,10.0
MIDAST[MMD],0.3,40.0
e-Divisive,0.3,4.0
KCPA,0.3,9.0
Neural-ECF,0.3,2.0
MIDAST[KS],0.3,0.0
MIDAST[MMD],0.3,100.0
e-Divisive,0.3,31.0
KCPA,0.3,20.0
Neural-ECF,0.3,10.0
MIDAST[KS],0.3,0.0
MIDAST[MMD],0.3,100.0
e-Divisive,0.3,0.0
KCPA,0.3,0.0
Neural-ECF,0.3,40.0
MIDAST[KS],0.3,0.0
MIDAST[MMD],0.3,100.0
e-Divisive,0.3,1.0
KCPA,0.3,0.0
Neural-ECF,0.3,11.0
MIDAST[KS],0.3,10.0
MIDAST[MMD],0.3,100.0
e-Divisive,0.3,1.0
KCPA,0.3,1.0
Neural-ECF,0.3,9.0
MIDAST[KS],0.3,60.0
MIDAST[MMD],0.3,30.0
e-Divisive,0.3,1.0
KCPA,0.3,1.0
Neural-ECF,0.5,164.0
MIDAST[KS],0.5,0.0
MIDAST[MMD],0.5,80.0
e-Divisive,0.5,3.0
KCPA,0.5,2.0
Neural-ECF,0.5,66.0
MIDAST[KS],0.5,10.0
MIDAST[MMD],0.5,80.0
e-Divisive,0.5,4.0
KCPA,0.5,5.0
Neural-ECF,0.5,2.0
MIDAST[KS],0.5,20.0
MIDAST[MMD],0.5,0.0
e-Divisive,0.5,4.0
KCPA,0.5,4.0
Neural-ECF,0.5,6.0
MIDAST[KS],0.5,0.0
MIDAST[MMD],0.5,10.0
e-Divisive,0.5,3.0
KCPA,0.5,3.0
Neural-ECF,0.5,27.0
MIDAST[KS],0.5,10.0
MIDAST[MMD],0.5,10.0
e-Divisive,0.5,2.0
KCPA,0.5,2.0
Neural-ECF,0.5,5.0
MIDAST[KS],0.5,60.0
MIDAST[MMD],0.5,140.0
e-Divisive,0.5,0.0
KCPA,0.5,0.0
Neural-ECF,0.5,2.0
MIDAST[KS],0.5,0.0
MIDAST[MMD],0.5,30.0
e-Divisive,0.5,0.0
KCPA,0.5,0.0
Neural-ECF,0.5,6.0
MIDAST[KS],0.5,10.0
MIDAST[MMD],0.5,20.0
e-Divisive,0.5,2.0
KCPA,0.5,4.0
Neural-ECF,0.5,9.0
MIDAST[KS],0.5,0.0
MIDAST[MMD],0.5,120.0
e-Divisive,0.5,1.0
KCPA,0.5,1.0
Neural-ECF,0.5,104.0
MIDAST[KS],0.5,0.0
MIDAST[MMD],0.5,110.0
e-Divisive,0.5,1.0
KCPA,0.5,1.0
Neural-ECF,0.5,10.0
MIDAST[KS],0.5,0.0
MIDAST[MMD],0.5,140.0
e-Divisive,0.5,1.0
KCPA,0.5,1.0
Neural-ECF,0.5,
MIDAST[KS],0.5,10.0
MIDAST[MMD],0.5,10.0
e-Divisive,0.5,5.0
KCPA,0.5,5.0
Neural-ECF,0.5,
MIDAST[KS],0.5,10.0
MIDAST[MMD],0.5,10.0
e-Divisive,0.5,17.0
KCPA,0.5,2.0
Neural-ECF,0.5,60.0
MIDAST[KS],0.5,20.0
MIDAST[MMD],0.5,110.0
e-Divisive,0.5,2.0
KCPA,0.5,6.0
Neural-ECF,0.5,2.0
MIDAST[KS],0.5,20.0
MIDAST[MMD],0.5,10.0
e-Divisive,0.5,2.0
KCPA,0.5,1.0
Neural-ECF,0.5,69.0
MIDAST[KS],0.5,0.0
MIDAST[MMD],0.5,10.0
e-Divisive,0.5,4.0
KCPA,0.5,1.0
Neural-ECF,0.5,52.0
MIDAST[KS],0.5,10.0
MIDAST[MMD],0.5,0.0
e-Divisive,0.5,0.0
KCPA,0.5,0.0
Neural-ECF,0.5,31.0
MIDAST[KS],0.5,10.0
MIDAST[MMD],0.5,20.0
e-Divisive,0.5,1.0
KCPA,0.5,1.0
Neural-ECF,0.5,30.0
MIDAST[KS],0.5,20.0
MIDAST[MMD],0.5,90.0
e-Divisive,0.5,0.0
KCPA,0.5,4.0
Neural-ECF,0.5,159.0
MIDAST[KS],0.5,0.0
MIDAST[MMD],0.5,30.0
e-Divisive,0.5,1.0
KCPA,0.5,1.0
Neural-ECF,0.5,16.0
MIDAST[KS],0.5,0.0
MIDAST[MMD],0.5,260.0
e-Divisive,0.5,2.0
KCPA,0.5,2.0
Neural-ECF,0.5,7.0
MIDAST[KS],0.5,10.0
MIDAST[MMD],0.5,30.0
e-Divisive,0.5,0.0
KCPA,0.5,4.0
Neural-ECF,0.5,11.0
MIDAST[KS],0.5,20.0
MIDAST[MMD],0.5,120.0
e-Divisive,0.5,6.0
KCPA,0.5,6.0
Neural-ECF,0.5,106.0
MIDAST[KS],0.5,60.0
MIDAST[MMD],0.5,110.0
e-Divisive,0.5,7.0
KCPA,0.5,6.0
Neural-ECF,0.5,1.0
MIDAST[KS],0.5,50.0
MIDAST[MMD],0.5,110.0
e-Divisive,0.5,7.0
KCPA,0.5,1.0
Neural-ECF,0.5,67.0
MIDAST[KS],0.5,0.0
MIDAST[MMD],0.5,0.0
e-Divisive,0.5,1.0
KCPA,0.5,0.0
Neural-ECF,0.5,10.0
MIDAST[KS],0.5,10.0
MIDAST[MMD],0.5,130.0
e-Divisive,0.5,1.0
KCPA,0.5,0.0
Neural-ECF,0.5,64.0
MIDAST[KS],0.5,20.0
MIDAST[MMD],0.5,300.0
e-Divisive,0.5,1.0
KCPA,0.5,1.0
Neural-ECF,0.5,19.0
MIDAST[KS],0.5,0.0
MIDAST[MMD],0.5,20.0
e-Divisive,0.5,31.0
KCPA,0.5,29.0
Neural-ECF,0.5,9.0
MIDAST[KS],0.5,10.0
MIDAST[MMD],0.5,30.0
e-Divisive,0.5,4.0
KCPA,0.5,4.0
Neural-ECF,0.5,21.0
MIDAST[KS],0.5,0.0
MIDAST[MMD],0.5,170.0
e-Divisive,0.5,0.0
KCPA,0.5,0.0
Neural-ECF,0.5,4.0
MIDAST[KS],0.5,30.0
MIDAST[MMD],0.5,30.0
e-Divisive,0.5,8.0
KCPA,0.5,1.0
Neural-ECF,0.5,7.0
MIDAST[KS],0.5,0.0
MIDAST[MMD],0.5,150.0
e-Divisive,0.5,1.0
KCPA,0.5,5.0
Neural-ECF,0.5,118.0
MIDAST[KS],0.5,0.0
MIDAST[MMD],0.5,20.0
e-Divisive,0.5,0.0
KCPA,0.5,0.0
Neural-ECF,0.5,116.0
MIDAST[KS],0.5,0.0
MIDAST[MMD],0.5,0.0
e-Divisive,0.5,4.0
KCPA,0.5,0.0
Neural-ECF,0.5,96.0
MIDAST[KS],0.5,10.0
MIDAST[MMD],0.5,110.0
e-Divisive,0.5,0.0
KCPA,0.5,0.0
Neural-ECF,0.5,
MIDAST[KS],0.5,70.0
MIDAST[MMD],0.5,120.0
e-Divisive,0.5,10.0
KCPA,0.5,18.0
Neural-ECF,0.5,21.0
MIDAST[KS],0.5,30.0
MIDAST[MMD],0.5,140.0
e-Divisive,0.5,1.0
KCPA,0.5,1.0
Neural-ECF,0.5,23.0
MIDAST[KS],0.5,160.0
MIDAST[MMD],0.5,180.0
e-Divisive,0.5,15.0
KCPA,0.5,18.0
Neural-ECF,0.5,15.0
MIDAST[KS],0.5,0.0
MIDAST[MMD],0.5,0.0
e-Divisive,0.5,7.0
KCPA,0.5,4.0
Neural-ECF,0.5,34.0
MIDAST[KS],0.5,10.0
MIDAST[MMD],0.5,20.0
e-Divisive,0.5,6.0
KCPA,0.5,6.0
Neural-ECF,0.5,4.0
MIDAST[KS],0.5,0.0
MIDAST[MMD],0.5,0.0
e-Divisive,0.5,0.0
KCPA,0.5,1.0
Neural-ECF,0.5,11.0
MIDAST[KS],0.5,0.0
MIDAST[MMD],0.5,0.0
e-Divisive,0.5,0.0
KCPA,0.5,0.0
Neural-ECF,0.5,26.0
MIDAST[KS],0.5,50.0
MIDAST[MMD],0.5,10.0
e-Divisive,0.5,32.0
KCPA,0.5,6.0
Neural-ECF,0.5,155.0
MIDAST[KS],0.5,10.0
MIDAST[MMD],0.5,160.0
e-Divisive,0.5,1.0
KCPA,0.5,1.0
Neural-ECF,0.5,7.0
MIDAST[KS],0.5,0.0
MIDAST[MMD],0.5,0.0
e-Divisive,0.5,1.0
KCPA,0.5,1.0
Neural-ECF,0.5,2.0
MIDAST[KS],0.5,0.0
MIDAST[MMD],0.5,80.0
e-Divisive,0.5,0.0
KCPA,0.5,0.0
Neural-ECF,0.5,102.0
MIDAST[KS],0.5,0.0
MIDAST[MMD],0.5,120.0
e-Divisive,0.5,1.0
KCPA,0.5,1.0
Neural-ECF,0.5,129.0
MIDAST[KS],0.5,20.0
MIDAST[MMD],0.5,190.0
e-Divisive,0.5,0.0
KCPA,0.5,0.0
Neural-ECF,0.5,12.0
MIDAST[KS],0.5,0.0
MIDAST[MMD],0.5,0.0
e-Divisive,0.5,2.0
KCPA,0.5,1.0
Neural-ECF,0.5,
MIDAST[KS],0.5,10.0
MIDAST[MMD],0.5,120.0
e-Divisive,0.5,1.0
KCPA,0.5,8.0
Neural-ECF,0.5,145.0
MIDAST[KS],0.5,20.0
MIDAST[MMD],0.5,40.0
e-Divisive,0.5,5.0
KCPA,0.5,5.0
Neural-ECF,0.5,10.0
MIDAST[KS],0.5,0.0
MIDAST[MMD],0.5,30.0
e-Divisive,0.5,1.0
KCPA,0.5,0.0
Neural-ECF,0.5,10.0
MIDAST[KS],0.5,0.0
MIDAST[MMD],0.5,230.0
e-Divisive,0.5,12.0
KCPA,0.5,0.0
Neural-ECF,0.5,35.0
MIDAST[KS],0.5,0.0
MIDAST[MMD],0.5,110.0
e-Divisive,0.5,2.0
KCPA,0.5,1.0
Neural-ECF,0.5,67.0
MIDAST[KS],0.5,0.0
MIDAST[MMD],0.5,10.0
e-Divisive,0.5,1.0
KCPA,0.5,0.0
Neural-ECF,0.5,46.0
MIDAST[KS],0.5,10.0
MIDAST[MMD],0.5,130.0
e-Divisive,0.5,2.0
KCPA,0.5,1.0
Neural-ECF,0.5,10.0
MIDAST[KS],0.5,10.0
MIDAST[MMD],0.5,10.0
e-Divisive,0.5,1.0
KCPA,0.5,0.0
Neural-ECF,0.5,9.0
MIDAST[KS],0.5,30.0
MIDAST[MMD],0.5,90.0
e-Divisive,0.5,1.0
KCPA,0.5,1.0
Neural-ECF,0.5,22.0
MIDAST[KS],0.5,0.0
MIDAST[MMD],0.5,80.0
e-Divisive,0.5,3.0
KCPA,0.5,0.0
Neural-ECF,0.5,123.0
MIDAST[KS],0.5,0.0
MIDAST[MMD],0.5,110.0
e-Divisive,0.5,2.0
KCPA,0.5,0.0
Neural-ECF,0.5,7.0
MIDAST[KS],0.5,40.0
MIDAST[MMD],0.5,0.0
e-Divisive,0.5,13.0
KCPA,0.5,8.0
Neural-ECF,0.5,18.0
MIDAST[KS],0.5,20.0
MIDAST[MMD],0.5,300.0
e-Divisive,0.5,4.0
KCPA,0.5,1.0
Neural-ECF,0.5,1.0
MIDAST[KS],0.5,10.0
MIDAST[MMD],0.5,170.0
e-Divisive,0.5,2.0
KCPA,0.5,5.0
Neural-ECF,0.5,40.0
MIDAST[KS],0.5,0.0
MIDAST[MMD],0.5,100.0
e-Divisive,0.5,2.0
KCPA,0.5,0.0
Neural-ECF,0.5,36.0
MIDAST[KS],0.5,40.0
MIDAST[MMD],0.5,10.0
e-Divisive,0.5,1.0
KCPA,0.5,9.0
Neural-ECF,0.5,
MIDAST[KS],0.5,70.0
MIDAST[MMD],0.5,90.0
e-Divisive,0.5,2.0
KCPA,0.5,2.0
Neural-ECF,0.5,7.0
MIDAST[KS],0.5,40.0
MIDAST[MMD],0.5,30.0
e-Divisive,0.5,1.0
KCPA,0.5,1.0
Neural-ECF,0.5,
MIDAST[KS],0.5,10.0
MIDAST[MMD],0.5,10.0
e-Divisive,0.5,11.0
KCPA,0.5,0.0
Neural-ECF,0.5,85.0
MIDAST[KS],0.5,0.0
MIDAST[MMD],0.5,0.0
e-Divisive,0.5,3.0
KCPA,0.5,0.0
Neural-ECF,0.5,96.0
MIDAST[KS],0.5,0.0
MIDAST[MMD],0.5,0.0
e-Divisive,0.5,3.0
KCPA,0.5,3.0
Neural-ECF,0.5,9.0
MIDAST[KS],0.5,80.0
MIDAST[MMD],0.5,150.0
e-Divisive,0.5,3.0
KCPA,0.5,1.0
Neural-ECF,0.5,122.0
MIDAST[KS],0.5,30.0
MIDAST[MMD],0.5,270.0
e-Divisive,0.5,0.0
KCPA,0.5,0.0
Neural-ECF,0.5,14.0
MIDAST[KS],0.5,10.0
MIDAST[MMD],0.5,20.0
e-Divisive,0.5,2.0
KCPA,0.5,6.0
Neural-ECF,0.5,41.0
MIDAST[KS],0.5,0.0
MIDAST[MMD],0.5,0.0
e-Divisive,0.5,0.0
KCPA,0.5,0.0
Neural-ECF,0.5,
MIDAST[KS],0.5,0.0
MIDAST[MMD],0.5,20.0
e-Divisive,0.5,5.0
KCPA,0.5,8.0
Neural-ECF,0.5,5.0
MIDAST[KS],0.5,50.0
MIDAST[MMD],0.5,120.0
e-Divisive,0.5,4.0
KCPA,0.5,1.0
Neural-ECF,0.5,77.0
MIDAST[KS],0.5,0.0
MIDAST[MMD],0.5,100.0
e-Divisive,0.5,1.0
KCPA,0.5,5.0
Neural-ECF,0.5,105.0
MIDAST[KS],0.5,0.0
MIDAST[MMD],0.5,30.0
e-Divisive,0.5,13.0
KCPA,0.5,13.0
Neural-ECF,0.5,48.0
MIDAST[KS],0.5,10.0
MIDAST[MMD],0.5,10.0
e-Divisive,0.5,1.0
KCPA,0.5,1.0
Neural-ECF,0.5,62.0
MIDAST[KS],0.5,30.0
MIDAST[MMD],0.5,290.0
e-Divisive,0.5,0.0
KCPA,0.5,1.0
Neural-ECF,0.5,84.0
MIDAST[KS],0.5,0.0
MIDAST[MMD],0.5,20.0
e-Divisive,0.5,15.0
KCPA,0.5,10.0
Neural-ECF,0.5,9.0
MIDAST[KS],0.5,0.0
MIDAST[MMD],0.5,0.0
e-Divisive,0.5,1.0
KCPA,0.5,1.0
Neural-ECF,0.5,11.0
MIDAST[KS],0.5,0.0
MIDAST[MMD],0.5,130.0
e-Divisive,0.5,0.0
KCPA,0.5,1.0
Neural-ECF,0.5,6.0
MIDAST[KS],0.5,10.0
MIDAST[MMD],0.5,10.0
e-Divisive,0.5,7.0
KCPA,0.5,2.0
Neural-ECF,0.5,31.0
MIDAST[KS],0.5,30.0
MIDAST[MMD],0.5,100.0
e-Divisive,0.5,2.0
KCPA,0.5,5.0
Neural-ECF,0.5,8.0
MIDAST[KS],0.5,20.0
MIDAST[MMD],0.5,100.0
e-Divisive,0.5,0.0
KCPA,0.5,2.0
Neural-ECF,0.5,39.0
MIDAST[KS],0.5,10.0
MIDAST[MMD],0.5,100.0
e-Divisive,0.5,15.0
KCPA,0.5,10.0
Neural-ECF,0.5,1.0
MIDAST[KS],0.5,10.0
MIDAST[MMD],0.5,10.0
e-Divisive,0.5,5.0
KCPA,0.5,2.0
Neural-ECF,0.5,34.0
MIDAST[KS],0.5,20.0
MIDAST[MMD],0.5,180.0
e-Divisive,0.5,1.0
KCPA,0.5,3.0
Neural-ECF,0.5,41.0
MIDAST[KS],0.5,60.0
MIDAST[MMD],0.5,250.0
e-Divisive,0.5,1.0
KCPA,0.5,1.0
Neural-ECF,0.5,95.0
MIDAST[KS],0.5,40.0
MIDAST[MMD],0.5,120.0
e-Divisive,0.5,5.0
KCPA,0.5,2.0
Neural-ECF,0.5,1.0
MIDAST[KS],0.5,0.0
MIDAST[MMD],0.5,10.0
e-Divisive,0.5,3.0
KCPA,0.5,0.0
Neural-ECF,0.5,9.0
MIDAST[KS],0.5,0.0
MIDAST[MMD],0.5,190.0
e-Divisive,0.5,4.0
KCPA,0.5,1.0
Neural-ECF,0.5,31.0
MIDAST[KS],0.5,0.0
MIDAST[MMD],0.5,290.0
e-Divisive,0.5,0.0
KCPA,0.5,0.0
Neural-ECF,0.5,38.0
MIDAST[KS],0.5,0.0
MIDAST[MMD],0.5,20.0
e-Divisive,0.5,1.0
KCPA,0.5,6.0
Neural-ECF,0.5,10.0
MIDAST[KS],0.5,10.0
MIDAST[MMD],0.5,20.0
e-Divisive,0.5,2.0
KCPA,0.5,2.0
Neural-ECF,0.5,22.0
MIDAST[KS],0.5,0.0
MIDAST[MMD],0.5,100.0
e-Divisive,0.5,0.0
KCPA,0.5,0.0
Neural-ECF,0.5,
MIDAST[KS],0.5,0.0
MIDAST[MMD],0.5,20.0
e-Divisive,0.5,5.0
KCPA,0.5,9.0
Neural-ECF,0.5,124.0
MIDAST[KS],0.5,0.0
MIDAST[MMD],0.5,10.0
e-Divisive,0.5,1.0
KCPA,0.5,1.0
Neural-ECF,0.7,3.0
MIDAST[KS],0.7,20.0
MIDAST[MMD],0.7,450.0
e-Divisive,0.7,1.0
KCPA,0.7,0.0
Neural-ECF,0.7,10.0
MIDAST[KS],0.7,50.0
MIDAST[MMD],0.7,70.0
e-Divisive,0.7,1.0
KCPA,0.7,37.0
Neural-ECF,0.7,13.0
MIDAST[KS],0.7,0.0
MIDAST[MMD],0.7,20.0
e-Divisive,0.7,2.0
KCPA,0.7,3.0
Neural-ECF,0.7,8.0
MIDAST[KS],0.7,0.0
MIDAST[MMD],0.7,410.0
e-Divisive,0.7,2.0
KCPA,0.7,4.0
Neural-ECF,0.7,26.0
MIDAST[KS],0.7,60.0
MIDAST[MMD],0.7,30.0
e-Divisive,0.7,2.0
KCPA,0.7,4.0
Neural-ECF,0.7,3.0
MIDAST[KS],0.7,20.0
MIDAST[MMD],0.7,100.0
e-Divisive,0.7,4.0
KCPA,0.7,3.0
Neural-ECF,0.7,15.0
MIDAST[KS],0.7,20.0
MIDAST[MMD],0.7,20.0
e-Divisive,0.7,4.0
KCPA,0.7,4.0
Neural-ECF,0.7,4.0
MIDAST[KS],0.7,20.0
MIDAST[MMD],0.7,50.0
e-Divisive,0.7,4.0
KCPA,0.7,4.0
Neural-ECF,0.7,4.0
MIDAST[KS],0.7,10.0
MIDAST[MMD],0.7,40.0
e-Divisive,0.7,2.0
KCPA,0.7,6.0
Neural-ECF,0.7,50.0
MIDAST[KS],0.7,10.0
MIDAST[MMD],0.7,80.0
e-Divisive,0.7,9.0
KCPA,0.7,1.0
Neural-ECF,0.7,42.0
MIDAST[KS],0.7,0.0
MIDAST[MMD],0.7,10.0
e-Divisive,0.7,2.0
KCPA,0.7,2.0
Neural-ECF,0.7,5.0
MIDAST[KS],0.7,10.0
MIDAST[MMD],0.7,110.0
e-Divisive,0.7,6.0
KCPA,0.7,7.0
Neural-ECF,0.7,85.0
MIDAST[KS],0.7,10.0
MIDAST[MMD],0.7,20.0
e-Divisive,0.7,0.0
KCPA,0.7,0.0
Neural-ECF,0.7,8.0
MIDAST[KS],0.7,20.0
MIDAST[MMD],0.7,30.0
e-Divisive,0.7,20.0
KCPA,0.7,15.0
Neural-ECF,0.7,8.0
MIDAST[KS],0.7,10.0
MIDAST[MMD],0.7,20.0
e-Divisive,0.7,1.0
KCPA,0.7,3.0
Neural-ECF,0.7,21.0
MIDAST[KS],0.7,0.0
MIDAST[MMD],0.7,120.0
e-Divisive,0.7,0.0
KCPA,0.7,7.0
Neural-ECF,0.7,22.0
MIDAST[KS],0.7,0.0
MIDAST[MMD],0.7,30.0
e-Divisive,0.7,0.0
KCPA,0.7,0.0
Neural-ECF,0.7,5.0
MIDAST[KS],0.7,10.0
MIDAST[MMD],0.7,110.0
e-Divisive,0.7,3.0
KCPA,0.7,1.0
Neural-ECF,0.7,51.0
MIDAST[KS],0.7,10.0
MIDAST[MMD],0.7,20.0
e-Divisive,0.7,5.0
KCPA,0.7,0.0
Neural-ECF,0.7,19.0
MIDAST[KS],0.7,30.0
MIDAST[MMD],0.7,120.0
e-Divisive,0.7,17.0
KCPA,0.7,22.0
Neural-ECF,0.7,8.0
MIDAST[KS],0.7,70.0
MIDAST[MMD],0.7,10.0
e-Divisive,0.7,4.0
KCPA,0.7,4.0
Neural-ECF,0.7,12.0
MIDAST[KS],0.7,20.0
MIDAST[MMD],0.7,40.0
e-Divisive,0.7,21.0
KCPA,0.7,8.0
Neural-ECF,0.7,6.0
MIDAST[KS],0.7,0.0
MIDAST[MMD],0.7,10.0
e-Divisive,0.7,0.0
KCPA,0.7,1.0
Neural-ECF,0.7,53.0
MIDAST[KS],0.7,40.0
MIDAST[MMD],0.7,20.0
e-Divisive,0.7,3.0
KCPA,0.7,2.0
Neural-ECF,0.7,6.0
MIDAST[KS],0.7,20.0
MIDAST[MMD],0.7,150.0
e-Divisive,0.7,1.0
KCPA,0.7,1.0
Neural-ECF,0.7,1.0
MIDAST[KS],0.7,10.0
MIDAST[MMD],0.7,260.0
e-Divisive,0.7,14.0
KCPA,0.7,1.0
Neural-ECF,0.7,78.0
MIDAST[KS],0.7,30.0
MIDAST[MMD],0.7,120.0
e-Divisive,0.7,2.0
KCPA,0.7,2.0
Neural-ECF,0.7,7.0
MIDAST[KS],0.7,0.0
MIDAST[MMD],0.7,10.0
e-Divisive,0.7,0.0
KCPA,0.7,0.0
Neural-ECF,0.7,87.0
MIDAST[KS],0.7,60.0
MIDAST[MMD],0.7,70.0
e-Divisive,0.7,0.0
KCPA,0.7,0.0
Neural-ECF,0.7,22.0
MIDAST[KS],0.7,50.0
MIDAST[MMD],0.7,10.0
e-Divisive,0.7,3.0
KCPA,0.7,1.0
Neural-ECF,0.7,6.0
MIDAST[KS],0.7,10.0
MIDAST[MMD],0.7,180.0
e-Divisive,0.7,0.0
KCPA,0.7,2.0
Neural-ECF,0.7,2.0
MIDAST[KS],0.7,50.0
MIDAST[MMD],0.7,80.0
e-Divisive,0.7,4.0
KCPA,0.7,2.0
Neural-ECF,0.7,35.0
MIDAST[KS],0.7,0.0
MIDAST[MMD],0.7,80.0
e-Divisive,0.7,13.0
KCPA,0.7,15.0
Neural-ECF,0.7,79.0
MIDAST[KS],0.7,0.0
MIDAST[MMD],0.7,10.0
e-Divisive,0.7,0.0
KCPA,0.7,0.0
Neural-ECF,0.7,4.0
MIDAST[KS],0.7,0.0
MIDAST[MMD],0.7,100.0
e-Divisive,0.7,0.0
KCPA,0.7,0.0
Neural-ECF,0.7,5.0
MIDAST[KS],0.7,0.0
MIDAST[MMD],0.7,90.0
e-Divisive,0.7,5.0
KCPA,0.7,5.0
Neural-ECF,0.7,11.0
MIDAST[KS],0.7,0.0
MIDAST[MMD],0.7,50.0
e-Divisive,0.7,3.0
KCPA,0.7,3.0
Neural-ECF,0.7,21.0
MIDAST[KS],0.7,20.0
MIDAST[MMD],0.7,20.0
e-Divisive,0.7,3.0
KCPA,0.7,9.0
Neural-ECF,0.7,8.0
MIDAST[KS],0.7,30.0
MIDAST[MMD],0.7,90.0
e-Divisive,0.7,2.0
KCPA,0.7,2.0
Neural-ECF,0.7,75.0
MIDAST[KS],0.7,10.0
MIDAST[MMD],0.7,30.0
e-Divisive,0.7,0.0
KCPA,0.7,0.0
Neural-ECF,0.7,47.0
MIDAST[KS],0.7,50.0
MIDAST[MMD],0.7,20.0
e-Divisive,0.7,45.0
KCPA,0.7,1.0
Neural-ECF,0.7,86.0
MIDAST[KS],0.7,20.0
MIDAST[MMD],0.7,90.0
e-Divisive,0.7,3.0
KCPA,0.7,30.0
Neural-ECF,0.7,2.0
MIDAST[KS],0.7,10.0
MIDAST[MMD],0.7,90.0
e-Divisive,0.7,3.0
KCPA,0.7,0.0
Neural-ECF,0.7,5.0
MIDAST[KS],0.7,50.0
MIDAST[MMD],0.7,130.0
e-Divisive,0.7,0.0
KCPA,0.7,0.0
Neural-ECF,0.7,72.0
MIDAST[KS],0.7,10.0
MIDAST[MMD],0.7,10.0
e-Divisive,0.7,4.0
KCPA,0.7,10.0
Neural-ECF,0.7,11.0
MIDAST[KS],0.7,0.0
MIDAST[MMD],0.7,50.0
e-Divisive,0.7,72.0
KCPA,0.7,2.0
Neural-ECF,0.7,42.0
MIDAST[KS],0.7,60.0
MIDAST[MMD],0.7,10.0
e-Divisive,0.7,13.0
KCPA,0.7,2.0
Neural-ECF,0.7,87.0
MIDAST[KS],0.7,80.0
MIDAST[MMD],0.7,0.0
e-Divisive,0.7,10.0
KCPA,0.7,2.0
Neural-ECF,0.7,83.0
MIDAST[KS],0.7,20.0
MIDAST[MMD],0.7,20.0
e-Divisive,0.7,3.0
KCPA,0.7,3.0
Neural-ECF,0.7,4.0
MIDAST[KS],0.7,0.0
MIDAST[MMD],0.7,420.0
e-Divisive,0.7,3.0
KCPA,0.7,3.0
Neural-ECF,0.7,19.0
MIDAST[KS],0.7,30.0
MIDAST[MMD],0.7,0.0
e-Divisive,0.7,3.0
KCPA,0.7,1.0
Neural-ECF,0.7,49.0
MIDAST[KS],0.7,10.0
MIDAST[MMD],0.7,20.0
e-Divisive,0.7,9.0
KCPA,0.7,0.0
Neural-ECF,0.7,8.0
MIDAST[KS],0.7,10.0
MIDAST[MMD],0.7,30.0
e-Divisive,0.7,1.0
KCPA,0.7,9.0
Neural-ECF,0.7,9.0
MIDAST[KS],0.7,0.0
MIDAST[MMD],0.7,30.0
e-Divisive,0.7,1.0
KCPA,0.7,1.0
Neural-ECF,0.7,1.0
MIDAST[KS],0.7,40.0
MIDAST[MMD],0.7,110.0
e-Divisive,0.7,0.0
KCPA,0.7,0.0
Neural-ECF,0.7,10.0
MIDAST[KS],0.7,130.0
MIDAST[MMD],0.7,30.0
e-Divisive,0.7,4.0
KCPA,0.7,0.0
Neural-ECF,0.7,86.0
MIDAST[KS],0.7,10.0
MIDAST[MMD],0.7,110.0
e-Divisive,0.7,7.0
KCPA,0.7,7.0
Neural-ECF,0.7,8.0
MIDAST[KS],0.7,80.0
MIDAST[MMD],0.7,10.0
e-Divisive,0.7,1.0
KCPA,0.7,0.0
Neural-ECF,0.7,19.0
MIDAST[KS],0.7,10.0
MIDAST[MMD],0.7,100.0
e-Divisive,0.7,4.0
KCPA,0.7,1.0
Neural-ECF,0.7,13.0
MIDAST[KS],0.7,0.0
MIDAST[MMD],0.7,90.0
e-Divisive,0.7,5.0
KCPA,0.7,0.0
Neural-ECF,0.7,88.0
MIDAST[KS],0.7,10.0
MIDAST[MMD],0.7,10.0
e-Divisive,0.7,12.0
KCPA,0.7,0.0
Neural-ECF,0.7,1.0
MIDAST[KS],0.7,20.0
MIDAST[MMD],0.7,30.0
e-Divisive,0.7,4.0
KCPA,0.7,4.0
Neural-ECF,0.7,13.0
MIDAST[KS],0.7,40.0
MIDAST[MMD],0.7,20.0
e-Divisive,0.7,0.0
KCPA,0.7,6.0
Neural-ECF,0.7,46.0
MIDAST[KS],0.7,0.0
MIDAST[MMD],0.7,500.0
e-Divisive,0.7,0.0
KCPA,0.7,0.0
Neural-ECF,0.7,1.0
MIDAST[KS],0.7,20.0
MIDAST[MMD],0.7,30.0
e-Divisive,0.7,4.0
KCPA,0.7,4.0
Neural-ECF,0.7,21.0
MIDAST[KS],0.7,20.0
MIDAST[MMD],0.7,10.0
e-Divisive,0.7,2.0
KCPA,0.7,2.0
Neural-ECF,0.7,47.0
MIDAST[KS],0.7,10.0
MIDAST[MMD],0.7,80.0
e-Divisive,0.7,0.0
KCPA,0.7,0.0
Neural-ECF,0.7,20.0
MIDAST[KS],0.7,0.0
MIDAST[MMD],0.7,390.0
e-Divisive,0.7,2.0
KCPA,0.7,5.0
Neural-ECF,0.7,9.0
MIDAST[KS],0.7,40.0
MIDAST[MMD],0.7,100.0
e-Divisive,0.7,2.0
KCPA,0.7,0.0
Neural-ECF,0.7,10.0
MIDAST[KS],0.7,0.0
MIDAST[MMD],0.7,90.0
e-Divisive,0.7,1.0
KCPA,0.7,0.0
Neural-ECF,0.7,5.0
MIDAST[KS],0.7,20.0
MIDAST[MMD],0.7,30.0
e-Divisive,0.7,0.0
KCPA,0.7,0.0
Neural-ECF,0.7,7.0
MIDAST[KS],0.7,0.0
MIDAST[MMD],0.7,110.0
e-Divisive,0.7,1.0
KCPA,0.7,4.0
Neural-ECF,0.7,4.0
MIDAST[KS],0.7,0.0
MIDAST[MMD],0.7,120.0
e-Divisive,0.7,0.0
KCPA,0.7,2.0
Neural-ECF,0.7,54.0
MIDAST[KS],0.7,0.0
MIDAST[MMD],0.7,10.0
e-Divisive,0.7,5.0
KCPA,0.7,0.0
Neural-ECF,0.7,42.0
MIDAST[KS],0.7,10.0
MIDAST[MMD],0.7,20.0
e-Divisive,0.7,0.0
KCPA,0.7,1.0
Neural-ECF,0.7,6.0
MIDAST[KS],0.7,0.0
MIDAST[MMD],0.7,260.0
e-Divisive,0.7,0.0
KCPA,0.7,0.0
Neural-ECF,0.7,87.0
MIDAST[KS],0.7,0.0
MIDAST[MMD],0.7,80.0
e-Divisive,0.7,11.0
KCPA,0.7,1.0
Neural-ECF,0.7,5.0
MIDAST[KS],0.7,0.0
MIDAST[MMD],0.7,20.0
e-Divisive,0.7,4.0
KCPA,0.7,4.0
Neural-ECF,0.7,48.0
MIDAST[KS],0.7,40.0
MIDAST[MMD],0.7,130.0
e-Divisive,0.7,3.0
KCPA,0.7,1.0
Neural-ECF,0.7,4.0
MIDAST[KS],0.7,50.0
MIDAST[MMD],0.7,40.0
e-Divisive,0.7,2.0
KCPA,0.7,2.0
Neural-ECF,0.7,48.0
MIDAST[KS],0.7,0.0
MIDAST[MMD],0.7,10.0
e-Divisive,0.7,0.0
KCPA,0.7,0.0
Neural-ECF,0.7,46.0
MIDAST[KS],0.7,0.0
MIDAST[MMD],0.7,10.0
e-Divisive,0.7,5.0
KCPA,0.7,0.0
Neural-ECF,0.7,7.0
MIDAST[KS],0.7,0.0
MIDAST[MMD],0.7,0.0
e-Divisive,0.7,6.0
KCPA,0.7,1.0
Neural-ECF,0.7,2.0
MIDAST[KS],0.7,20.0
MIDAST[MMD],0.7,20.0
e-Divisive,0.7,0.0
KCPA,0.7,7.0
Neural-ECF,0.7,13.0
MIDAST[KS],0.7,20.0
MIDAST[MMD],0.7,0.0
e-Divisive,0.7,23.0
KCPA,0.7,15.0
Neural-ECF,0.7,71.0
MIDAST[KS],0.7,10.0
MIDAST[MMD],0.7,10.0
e-Divisive,0.7,4.0
KCPA,0.7,0.0
Neural-ECF,0.7,53.0
MIDAST[KS],0.7,30.0
MIDAST[MMD],0.7,20.0
e-Divisive,0.7,3.0
KCPA,0.7,19.0
Neural-ECF,0.7,1.0
MIDAST[KS],0.7,80.0
MIDAST[MMD],0.7,30.0
e-Divisive,0.7,12.0
KCPA,0.7,11.0
Neural-ECF,0.7,54.0
MIDAST[KS],0.7,70.0
MIDAST[MMD],0.7,390.0
e-Divisive,0.7,2.0
KCPA,0.7,2.0
Neural-ECF,0.7,2.0
MIDAST[KS],0.7,10.0
MIDAST[MMD],0.7,350.0
e-Divisive,0.7,0.0
KCPA,0.7,0.0
Neural-ECF,0.7,88.0
MIDAST[KS],0.7,0.0
MIDAST[MMD],0.7,10.0
e-Divisive,0.7,27.0
KCPA,0.7,27.0
Neural-ECF,0.7,1.0
MIDAST[KS],0.7,60.0
MIDAST[MMD],0.7,10.0
e-Divisive,0.7,3.0
KCPA,0.7,9.0
Neural-ECF,0.7,3.0
MIDAST[KS],0.7,0.0
MIDAST[MMD],0.7,20.0
e-Divisive,0.7,1.0
KCPA,0.7,1.0
Neural-ECF,0.7,5.0
MIDAST[KS],0.7,20.0
MIDAST[MMD],0.7,60.0
e-Divisive,0.7,15.0
KCPA,0.7,15.0
Neural-ECF,0.7,1.0
MIDAST[KS],0.7,10.0
MIDAST[MMD],0.7,10.0
e-Divisive,0.7,1.0
KCPA,0.7,1.0
Neural-ECF,0.7,36.0
MIDAST[KS],0.7,0.0
MIDAST[MMD],0.7,0.0
e-Divisive,0.7,0.0
KCPA,0.7,46.0
Neural-ECF,0.7,11.0
MIDAST[KS],0.7,30.0
MIDAST[MMD],0.7,20.0
e-Divisive,0.7,1.0
KCPA,0.7,0.0
Neural-ECF,0.7,52.0
MIDAST[KS],0.7,10.0
MIDAST[MMD],0.7,30.0
e-Divisive,0.7,1.0
KCPA,0.7,1.0
Neural-ECF,0.7,10.0
MIDAST[KS],0.7,20.0
MIDAST[MMD],0.7,50.0
e-Divisive,0.7,1.0
KCPA,0.7,1.0
Neural-ECF,0.7,49.0
MIDAST[KS],0.7,10.0
MIDAST[MMD],0.7,500.0
e-Divisive,0.7,27.0
KCPA,0.7,0.0
Neural-ECF,0.9,
MIDAST[KS],0.9,110.0
MIDAST[MMD],0.9,130.0
e-Divisive,0.9,113.0
KCPA,0.9,0.0
Neural-ECF,0.9,116.0
MIDAST[KS],0.9,140.0
MIDAST[MMD],0.9,110.0
e-Divisive,0.9,2.0
KCPA,0.9,2.0
Neural-ECF,0.9,
MIDAST[KS],0.9,260.0
MIDAST[MMD],0.9,110.0
e-Divisive,0.9,3.0
KCPA,0.9,0.0
Neural-ECF,0.9,
MIDAST[KS],0.9,120.0
MIDAST[MMD],0.9,
e-Divisive,0.9,7.0
KCPA,0.9,6.0
Neural-ECF,0.9,113.0
MIDAST[KS],0.9,110.0
MIDAST[MMD],0.9,110.0
e-Divisive,0.9,2.0
KCPA,0.9,5.0
Neural-ECF,0.9,112.0
MIDAST[KS],0.9,110.0
MIDAST[MMD],0.9,130.0
e-Divisive,0.9,3.0
KCPA,0.9,3.0
Neural-ECF,0.9,117.0
MIDAST[KS],0.9,240.0
MIDAST[MMD],0.9,280.0
e-Divisive,0.9,11.0
KCPA,0.9,3.0
Neural-ECF,0.9,115.0
MIDAST[KS],0.9,110.0
MIDAST[MMD],0.9,140.0
e-Divisive,0.9,524.0
KCPA,0.9,0.0
Neural-ECF,0.9,141.0
MIDAST[KS],0.9,490.0
MIDAST[MMD],0.9,490.0
e-Divisive,0.9,0.0
KCPA,0.9,22.0
Neural-ECF,0.9,
MIDAST[KS],0.9,
MIDAST[MMD],0.9,110.0
e-Divisive,0.9,2.0
KCPA,0.9,2.0
Neural-ECF,0.9,131.0
MIDAST[KS],0.9,660.0
MIDAST[MMD],0.9,660.0
e-Divisive,0.9,3.0
KCPA,0.9,3.0
Neural-ECF,0.9,
MIDAST[KS],0.9,130.0
MIDAST[MMD],0.9,110.0
e-Divisive,0.9,3.0
KCPA,0.9,11.0
Neural-ECF,0.9,
MIDAST[KS],0.9,110.0
MIDAST[MMD],0.9,
e-Divisive,0.9,4.0
KCPA,0.9,0.0
Neural-ECF,0.9,
MIDAST[KS],0.9,110.0
MIDAST[MMD],0.9,
e-Divisive,0.9,312.0
KCPA,0.9,15.0
Neural-ECF,0.9,
MIDAST[KS],0.9,110.0
MIDAST[MMD],0.9,
e-Divisive,0.9,22.0
KCPA,0.9,4.0
Neural-ECF,0.9,
MIDAST[KS],0.9,150.0
MIDAST[MMD],0.9,130.0
e-Divisive,0.9,5.0
KCPA,0.9,0.0
Neural-ECF,0.9,
MIDAST[KS],0.9,120.0
MIDAST[MMD],0.9,300.0
e-Divisive,0.9,0.0
KCPA,0.9,0.0
Neural-ECF,0.9,
MIDAST[KS],0.9,120.0
MIDAST[MMD],0.9,110.0
e-Divisive,0.9,7.0
KCPA,0.9,1.0
Neural-ECF,0.9,
MIDAST[KS],0.9,200.0
MIDAST[MMD],0.9,230.0
e-Divisive,0.9,29.0
KCPA,0.9,29.0
Neural-ECF,0.9,
MIDAST[KS],0.9,
MIDAST[MMD],0.9,
e-Divisive,0.9,54.0
KCPA,0.9,0.0
Neural-ECF,0.9,120.0
MIDAST[KS],0.9,110.0
MIDAST[MMD],0.9,310.0
e-Divisive,0.9,142.0
KCPA,0.9,10.0
Neural-ECF,0.9,
MIDAST[KS],0.9,140.0
MIDAST[MMD],0.9,680.0
e-Divisive,0.9,0.0
KCPA,0.9,0.0
Neural-ECF,0.9,
MIDAST[KS],0.9,360.0
MIDAST[MMD],0.9,350.0
e-Divisive,0.9,409.0
KCPA,0.9,0.0
Neural-ECF,0.9,
MIDAST[KS],0.9,110.0
MIDAST[MMD],0.9,
e-Divisive,0.9,12.0
KCPA,0.9,1.0
Neural-ECF,0.9,112.0
MIDAST[KS],0.9,550.0
MIDAST[MMD],0.9,520.0
e-Divisive,0.9,1.0
KCPA,0.9,1.0
Neural-ECF,0.9,118.0
MIDAST[KS],0.9,520.0
MIDAST[MMD],0.9,
e-Divisive,0.9,3.0
KCPA,0.9,0.0
Neural-ECF,0.9,113.0
MIDAST[KS],0.9,130.0
MIDAST[MMD],0.9,130.0
e-Divisive,0.9,3.0
KCPA,0.9,1.0
Neural-ECF,0.9,
MIDAST[KS],0.9,110.0
MIDAST[MMD],0.9,330.0
e-Divisive,0.9,20.0
KCPA,0.9,1.0
Neural-ECF,0.9,
MIDAST[KS],0.9,110.0
MIDAST[MMD],0.9,110.0
e-Divisive,0.9,5.0
KCPA,0.9,5.0
Neural-ECF,0.9,
MIDAST[KS],0.9,700.0
MIDAST[MMD],0.9,690.0
e-Divisive,0.9,0.0
KCPA,0.9,3.0
Neural-ECF,0.9,
MIDAST[KS],0.9,110.0
MIDAST[MMD],0.9,
e-Divisive,0.9,2.0
KCPA,0.9,1.0
Neural-ECF,0.9,
MIDAST[KS],0.9,690.0
MIDAST[MMD],0.9,490.0
e-Divisive,0.9,1.0
KCPA,0.9,2.0
Neural-ECF,0.9,
MIDAST[KS],0.9,120.0
MIDAST[MMD],0.9,110.0
e-Divisive,0.9,0.0
KCPA,0.9,0.0
Neural-ECF,0.9,
MIDAST[KS],0.9,110.0
MIDAST[MMD],0.9,
e-Divisive,0.9,17.0
KCPA,0.9,16.0
Neural-ECF,0.9,
MIDAST[KS],0.9,260.0
MIDAST[MMD],0.9,270.0
e-Divisive,0.9,11.0
KCPA,0.9,3.0
Neural-ECF,0.9,
MIDAST[KS],0.9,
MIDAST[MMD],0.9,
e-Divisive,0.9,846.0
KCPA,0.9,0.0
Neural-ECF,0.9,118.0
MIDAST[KS],0.9,130.0
MIDAST[MMD],0.9,140.0
e-Divisive,0.9,9.0
KCPA,0.9,1.0
Neural-ECF,0.9,
MIDAST[KS],0.9,
MIDAST[MMD],0.9,290.0
e-Divisive,0.9,2.0
KCPA,0.9,6.0
Neural-ECF,0.9,
MIDAST[KS],0.9,550.0
MIDAST[MMD],0.9,590.0
e-Divisive,0.9,3.0
KCPA,0.9,0.0
Neural-ECF,0.9,426.0
MIDAST[KS],0.9,260.0
MIDAST[MMD],0.9,
e-Divisive,0.9,20.0
KCPA,0.9,3.0
Neural-ECF,0.9,
MIDAST[KS],0.9,530.0
MIDAST[MMD],0.9,120.0
e-Divisive,0.9,2.0
KCPA,0.9,0.0
Neural-ECF,0.9,
MIDAST[KS],0.9,110.0
MIDAST[MMD],0.9,490.0
e-Divisive,0.9,5.0
KCPA,0.9,5.0
Neural-ECF,0.9,
MIDAST[KS],0.9,470.0
MIDAST[MMD],0.9,450.0
e-Divisive,0.9,23.0
KCPA,0.9,5.0
Neural-ECF,0.9,
MIDAST[KS],0.9,230.0
MIDAST[MMD],0.9,560.0
e-Divisive,0.9,21.0
KCPA,0.9,0.0
Neural-ECF,0.9,
MIDAST[KS],0.9,110.0
MIDAST[MMD],0.9,530.0
e-Divisive,0.9,0.0
KCPA,0.9,0.0
Neural-ECF,0.9,
MIDAST[KS],0.9,110.0
MIDAST[MMD],0.9,
e-Divisive,0.9,2.0
KCPA,0.9,4.0
Neural-ECF,0.9,
MIDAST[KS],0.9,110.0
MIDAST[MMD],0.9,700.0
e-Divisive,0.9,2.0
KCPA,0.9,2.0
Neural-ECF,0.9,
MIDAST[KS],0.9,280.0
MIDAST[MMD],0.9,320.0
e-Divisive,0.9,0.0
KCPA,0.9,0.0
Neural-ECF,0.9,
MIDAST[KS],0.9,390.0
MIDAST[MMD],0.9,390.0
e-Divisive,0.9,390.0
KCPA,0.9,2.0
Neural-ECF,0.9,
MIDAST[KS],0.9,170.0
MIDAST[MMD],0.9,510.0
e-Divisive,0.9,6.0
KCPA,0.9,0.0
Neural-ECF,0.9,
MIDAST[KS],0.9,130.0
MIDAST[MMD],0.9,130.0
e-Divisive,0.9,4.0
KCPA,0.9,2.0
Neural-ECF,0.9,
MIDAST[KS],0.9,200.0
MIDAST[MMD],0.9,110.0
e-Divisive,0.9,22.0
KCPA,0.9,1.0
Neural-ECF,0.9,
MIDAST[KS],0.9,110.0
MIDAST[MMD],0.9,110.0
e-Divisive,0.9,28.0
KCPA,0.9,28.0
Neural-ECF,0.9,
MIDAST[KS],0.9,110.0
MIDAST[MMD],0.9,
e-Divisive,0.9,7.0
KCPA,0.9,0.0
Neural-ECF,0.9,
MIDAST[KS],0.9,110.0
MIDAST[MMD],0.9,570.0
e-Divisive,0.9,13.0
KCPA,0.9,5.0
Neural-ECF,0.9,
MIDAST[KS],0.9,110.0
MIDAST[MMD],0.9,
e-Divisive,0.9,5.0
KCPA,0.9,8.0
Neural-ECF,0.9,
MIDAST[KS],0.9,110.0
MIDAST[MMD],0.9,110.0
e-Divisive,0.9,3.0
KCPA,0.9,2.0
Neural-ECF,0.9,114.0
MIDAST[KS],0.9,510.0
MIDAST[MMD],0.9,560.0
e-Divisive,0.9,4.0
KCPA,0.9,4.0
Neural-ECF,0.9,
MIDAST[KS],0.9,130.0
MIDAST[MMD],0.9,160.0
e-Divisive,0.9,150.0
KCPA,0.9,1.0
Neural-ECF,0.9,449.0
MIDAST[KS],0.9,430.0
MIDAST[MMD],0.9,650.0
e-Divisive,0.9,3.0
KCPA,0.9,3.0
Neural-ECF,0.9,
MIDAST[KS],0.9,160.0
MIDAST[MMD],0.9,160.0
e-Divisive,0.9,21.0
KCPA,0.9,14.0
Neural-ECF,0.9,
MIDAST[KS],0.9,110.0
MIDAST[MMD],0.9,600.0
e-Divisive,0.9,2.0
KCPA,0.9,4.0
Neural-ECF,0.9,
MIDAST[KS],0.9,110.0
MIDAST[MMD],0.9,630.0
e-Divisive,0.9,9.0
KCPA,0.9,1.0
Neural-ECF,0.9,
MIDAST[KS],0.9,540.0
MIDAST[MMD],0.9,120.0
e-Divisive,0.9,820.0
KCPA,0.9,3.0
Neural-ECF,0.9,
MIDAST[KS],0.9,110.0
MIDAST[MMD],0.9,120.0
e-Divisive,0.9,1.0
KCPA,0.9,1.0
Neural-ECF,0.9,
MIDAST[KS],0.9,
MIDAST[MMD],0.9,120.0
e-Divisive,0.9,0.0
KCPA,0.9,9.0
Neural-ECF,0.9,
MIDAST[KS],0.9,460.0
MIDAST[MMD],0.9,130.0
e-Divisive,0.9,2.0
KCPA,0.9,3.0
Neural-ECF,0.9,116.0
MIDAST[KS],0.9,170.0
MIDAST[MMD],0.9,560.0
e-Divisive,0.9,6.0
KCPA,0.9,6.0
Neural-ECF,0.9,277.0
MIDAST[KS],0.9,130.0
MIDAST[MMD],0.9,110.0
e-Divisive,0.9,6.0
KCPA,0.9,2.0
Neural-ECF,0.9,
MIDAST[KS],0.9,130.0
MIDAST[MMD],0.9,140.0
e-Divisive,0.9,11.0
KCPA,0.9,11.0
Neural-ECF,0.9,404.0
MIDAST[KS],0.9,120.0
MIDAST[MMD],0.9,620.0
e-Divisive,0.9,0.0
KCPA,0.9,0.0
Neural-ECF,0.9,
MIDAST[KS],0.9,120.0
MIDAST[MMD],0.9,
e-Divisive,0.9,9.0
KCPA,0.9,20.0
Neural-ECF,0.9,
MIDAST[KS],0.9,110.0
MIDAST[MMD],0.9,110.0
e-Divisive,0.9,1.0
KCPA,0.9,0.0
Neural-ECF,0.9,
MIDAST[KS],0.9,110.0
MIDAST[MMD],0.9,680.0
e-Divisive,0.9,2.0
KCPA,0.9,1.0
Neural-ECF,0.9,
MIDAST[KS],0.9,110.0
MIDAST[MMD],0.9,
e-Divisive,0.9,14.0
KCPA,0.9,1.0
Neural-ECF,0.9,
MIDAST[KS],0.9,110.0
MIDAST[MMD],0.9,130.0
e-Divisive,0.9,1.0
KCPA,0.9,1.0
Neural-ECF,0.9,
MIDAST[KS],0.9,410.0
MIDAST[MMD],0.9,490.0
e-Divisive,0.9,513.0
KCPA,0.9,0.0
Neural-ECF,0.9,
MIDAST[KS],0.9,
MIDAST[MMD],0.9,460.0
e-Divisive,0.9,7.0
KCPA,0.9,0.0
Neural-ECF,0.9,
MIDAST[KS],0.9,570.0
MIDAST[MMD],0.9,620.0
e-Divisive,0.9,1.0
KCPA,0.9,27.0
Neural-ECF,0.9,
MIDAST[KS],0.9,120.0
MIDAST[MMD],0.9,
e-Divisive,0.9,22.0
KCPA,0.9,1.0
Neural-ECF,0.9,
MIDAST[KS],0.9,170.0
MIDAST[MMD],0.9,
e-Divisive,0.9,3.0
KCPA,0.9,2.0
Neural-ECF,0.9,118.0
MIDAST[KS],0.9,150.0
MIDAST[MMD],0.9,550.0
e-Divisive,0.9,1.0
KCPA,0.9,1.0
Neural-ECF,0.9,
MIDAST[KS],0.9,120.0
MIDAST[MMD],0.9,120.0
e-Divisive,0.9,0.0
KCPA,0.9,0.0
Neural-ECF,0.9,
MIDAST[KS],0.9,120.0
MIDAST[MMD],0.9,410.0
e-Divisive,0.9,6.0
KCPA,0.9,6.0
Neural-ECF,0.9,
MIDAST[KS],0.9,110.0
MIDAST[MMD],0.9,580.0
e-Divisive,0.9,2.0
KCPA,0.9,2.0
Neural-ECF,0.9,469.0
MIDAST[KS],0.9,470.0
MIDAST[MMD],0.9,510.0
e-Divisive,0.9,5.0
KCPA,0.9,5.0
Neural-ECF,0.9,
MIDAST[KS],0.9,310.0
MIDAST[MMD],0.9,310.0
e-Divisive,0.9,36.0
KCPA,0.9,35.0
Neural-ECF,0.9,
MIDAST[KS],0.9,150.0
MIDAST[MMD],0.9,570.0
e-Divisive,0.9,0.0
KCPA,0.9,0.0
Neural-ECF,0.9,
MIDAST[KS],0.9,130.0
MIDAST[MMD],0.9,
e-Divisive,0.9,3.0
KCPA,0.9,0.0
Neural-ECF,0.9,
MIDAST[KS],0.9,200.0
MIDAST[MMD],0.9,110.0
e-Divisive,0.9,9.0
KCPA,0.9,10.0
Neural-ECF,0.9,
MIDAST[KS],0.9,110.0
MIDAST[MMD],0.9,120.0
e-Divisive,0.9,1.0
KCPA,0.9,0.0
Neural-ECF,0.9,
MIDAST[KS],0.9,530.0
MIDAST[MMD],0.9,510.0
e-Divisive,0.9,12.0
KCPA,0.9,0.0
Neural-ECF,0.9,
MIDAST[KS],0.9,120.0
MIDAST[MMD],0.9,120.0
e-Divisive,0.9,24.0
KCPA,0.9,20.0
Neural-ECF,0.9,
MIDAST[KS],0.9,110.0
MIDAST[MMD],0.9,
e-Divisive,0.9,42.0
KCPA,0.9,3.0
Neural-ECF,0.9,115.0
MIDAST[KS],0.9,110.0
MIDAST[MMD],0.9,150.0
e-Divisive,0.9,4.0
KCPA,0.9,1.0
Neural-ECF,0.9,
MIDAST[KS],0.9,120.0
MIDAST[MMD],0.9,150.0
e-Divisive,0.9,5.0
KCPA,0.9,3.0
Neural-ECF,0.9,
MIDAST[KS],0.9,570.0
MIDAST[MMD],0.9,390.0
e-Divisive,0.9,5.0
KCPA,0.9,5.0
Neural-ECF,0.9,
MIDAST[KS],0.9,110.0
MIDAST[MMD],0.9,110.0
e-Divisive,0.9,1.0
KCPA,0.9,1.0
Neural-ECF,0.9,
MIDAST[KS],0.9,110.0
MIDAST[MMD],0.9,
e-Divisive,0.9,2.0
KCPA,0.9,2.0
Neural-ECF,0.9,
MIDAST[KS],0.9,120.0
MIDAST[MMD],0.9,120.0
e-Divisive,0.9,4.0
KCPA,0.9,5.0
